,0
0,The Hobbit or There and Back Again (Paperback)
1,The Ocean at the End of the Lane (Hardcover)
2,"The Lion, the Witch and the Wardrobe (Chronicles of Narnia, #1)"
3,"Harry Potter and the Deathly Hallows (Harry Potter, #7)"
4,"A Darker Shade of Magic (Shades of Magic, #1)"
5,The Night Circus (Hardcover)
6,"A Game of Thrones (A Song of Ice and Fire, #1)"
7,"A Storm of Swords (A Song of Ice and Fire, #3)"
8,"The Final Empire (Mistborn, #1)"
9,"Good Omens: The Nice and Accurate Prophecies of Agnes Nutter, Witch (Mass Market Paperback)"
10,"The Lies of Locke Lamora (Gentleman Bastard, #1)"
11,"A Wizard of Earthsea (Earthsea Cycle, #1)"
12,The Silmarillion (Middle-Earth Universe)
13,"Harry Potter and the Prisoner of Azkaban (Harry Potter, #3)"
14,"The Golden Compass (His Dark Materials, #1)"
15,"City of Bones (The Mortal Instruments, #1)"
16,"Harry Potter and the Cursed Child: Parts One and Two (Harry Potter, #8)"
17,"The Magician's Nephew (Chronicles of Narnia, #6)"
18,Graceling (Hardcover)
19,The Princess Bride (Paperback)
20,"The Two Towers (The Lord of the Rings, #2)"
21,"The Way of Kings (The Stormlight Archive, #1)"
22,"The Name of the Wind (The Kingkiller Chronicle, #1)"
23,"The Hunger Games (The Hunger Games, #1)"
24,"Neverwhere (London Below, #1)"
25,"Harry Potter and the Sorcerer's Stone (Harry Potter, #1)"
26,"Harry Potter and the Goblet of Fire (Harry Potter, #4)"
27,"The Wise Man's Fear (The Kingkiller Chronicle, #2)"
28,"The Sea of Monsters (Percy Jackson and the Olympians, #2)"
29,"The Subtle Knife (His Dark Materials, #2)"
30,"Harry Potter and the Chamber of Secrets (Harry Potter, #2)"
31,"The Lightning Thief (Percy Jackson and the Olympians, #1)"
32,"Eldest (The Inheritance Cycle, #2)"
33,"Eragon (The Inheritance Cycle, #1)"
34,"The Eye of the World (The Wheel of Time, #1)"
35,"The Well of Ascension (Mistborn, #2)"
36,"A Court of Thorns and Roses (A Court of Thorns and Roses, #1)"
37,"The Lord of the Rings (The Lord of the Rings, #1-3)"
38,"Harry Potter and the Order of the Phoenix (Harry Potter, #5)"
39,American Gods (Kindle Edition)
40,"Assassin's Apprentice (Farseer Trilogy, #1)"
41,"A Dance with Dragons (A Song of Ice and Fire, #5)"
42,"Twilight (Twilight, #1)"
43,"Throne of Glass (Throne of Glass, #1)"
44,"A Clash of Kings  (A Song of Ice and Fire, #2)"
45,"The Color of Magic (Discworld, #1; Rincewind, #1)"
46,"Harry Potter and the Half-Blood Prince (Harry Potter, #6)"
47,"A Feast for Crows (A Song of Ice and Fire, #4)"
48,"The Fellowship of the Ring (The Lord of the Rings, #1)"
49,"The Return of the King (The Lord of the Rings, #3)"
50,The Hobbit or There and Back Again (Paperback)
51,The Ocean at the End of the Lane (Hardcover)
52,"The Lion, the Witch and the Wardrobe (Chronicles of Narnia, #1)"
53,"Harry Potter and the Deathly Hallows (Harry Potter, #7)"
54,"A Darker Shade of Magic (Shades of Magic, #1)"
55,The Night Circus (Hardcover)
56,"A Game of Thrones (A Song of Ice and Fire, #1)"
57,"A Storm of Swords (A Song of Ice and Fire, #3)"
58,"The Final Empire (Mistborn, #1)"
59,"Good Omens: The Nice and Accurate Prophecies of Agnes Nutter, Witch (Mass Market Paperback)"
60,"The Lies of Locke Lamora (Gentleman Bastard, #1)"
61,"A Wizard of Earthsea (Earthsea Cycle, #1)"
62,The Silmarillion (Middle-Earth Universe)
63,"Harry Potter and the Prisoner of Azkaban (Harry Potter, #3)"
64,"The Golden Compass (His Dark Materials, #1)"
65,"City of Bones (The Mortal Instruments, #1)"
66,"Harry Potter and the Cursed Child: Parts One and Two (Harry Potter, #8)"
67,"The Magician's Nephew (Chronicles of Narnia, #6)"
68,Graceling (Hardcover)
69,The Princess Bride (Paperback)
70,"The Two Towers (The Lord of the Rings, #2)"
71,"The Way of Kings (The Stormlight Archive, #1)"
72,"The Name of the Wind (The Kingkiller Chronicle, #1)"
73,"The Hunger Games (The Hunger Games, #1)"
74,"Neverwhere (London Below, #1)"
75,"Harry Potter and the Sorcerer's Stone (Harry Potter, #1)"
76,"Harry Potter and the Goblet of Fire (Harry Potter, #4)"
77,"The Wise Man's Fear (The Kingkiller Chronicle, #2)"
78,"The Sea of Monsters (Percy Jackson and the Olympians, #2)"
79,"The Subtle Knife (His Dark Materials, #2)"
80,"Harry Potter and the Chamber of Secrets (Harry Potter, #2)"
81,"The Lightning Thief (Percy Jackson and the Olympians, #1)"
82,"Eldest (The Inheritance Cycle, #2)"
83,"Eragon (The Inheritance Cycle, #1)"
84,"The Eye of the World (The Wheel of Time, #1)"
85,"The Well of Ascension (Mistborn, #2)"
86,"A Court of Thorns and Roses (A Court of Thorns and Roses, #1)"
87,"The Lord of the Rings (The Lord of the Rings, #1-3)"
88,"Harry Potter and the Order of the Phoenix (Harry Potter, #5)"
89,American Gods (Kindle Edition)
90,"Assassin's Apprentice (Farseer Trilogy, #1)"
91,"A Dance with Dragons (A Song of Ice and Fire, #5)"
92,"Twilight (Twilight, #1)"
93,"Throne of Glass (Throne of Glass, #1)"
94,"A Clash of Kings  (A Song of Ice and Fire, #2)"
95,"The Color of Magic (Discworld, #1; Rincewind, #1)"
96,"Harry Potter and the Half-Blood Prince (Harry Potter, #6)"
97,"A Feast for Crows (A Song of Ice and Fire, #4)"
98,"The Fellowship of the Ring (The Lord of the Rings, #1)"
99,"The Return of the King (The Lord of the Rings, #3)"
100,The Hobbit or There and Back Again (Paperback)
101,The Ocean at the End of the Lane (Hardcover)
102,"The Lion, the Witch and the Wardrobe (Chronicles of Narnia, #1)"
103,"Harry Potter and the Deathly Hallows (Harry Potter, #7)"
104,"A Darker Shade of Magic (Shades of Magic, #1)"
105,The Night Circus (Hardcover)
106,"A Game of Thrones (A Song of Ice and Fire, #1)"
107,"A Storm of Swords (A Song of Ice and Fire, #3)"
108,"The Final Empire (Mistborn, #1)"
109,"Good Omens: The Nice and Accurate Prophecies of Agnes Nutter, Witch (Mass Market Paperback)"
110,"The Lies of Locke Lamora (Gentleman Bastard, #1)"
111,"A Wizard of Earthsea (Earthsea Cycle, #1)"
112,The Silmarillion (Middle-Earth Universe)
113,"Harry Potter and the Prisoner of Azkaban (Harry Potter, #3)"
114,"The Golden Compass (His Dark Materials, #1)"
115,"City of Bones (The Mortal Instruments, #1)"
116,"Harry Potter and the Cursed Child: Parts One and Two (Harry Potter, #8)"
117,"The Magician's Nephew (Chronicles of Narnia, #6)"
118,Graceling (Hardcover)
119,The Princess Bride (Paperback)
120,"The Two Towers (The Lord of the Rings, #2)"
121,"The Way of Kings (The Stormlight Archive, #1)"
122,"The Name of the Wind (The Kingkiller Chronicle, #1)"
123,"The Hunger Games (The Hunger Games, #1)"
124,"Neverwhere (London Below, #1)"
125,"Harry Potter and the Sorcerer's Stone (Harry Potter, #1)"
126,"Harry Potter and the Goblet of Fire (Harry Potter, #4)"
127,"The Wise Man's Fear (The Kingkiller Chronicle, #2)"
128,"The Sea of Monsters (Percy Jackson and the Olympians, #2)"
129,"The Subtle Knife (His Dark Materials, #2)"
130,"Harry Potter and the Chamber of Secrets (Harry Potter, #2)"
131,"The Lightning Thief (Percy Jackson and the Olympians, #1)"
132,"Eldest (The Inheritance Cycle, #2)"
133,"Eragon (The Inheritance Cycle, #1)"
134,"The Eye of the World (The Wheel of Time, #1)"
135,"The Well of Ascension (Mistborn, #2)"
136,"A Court of Thorns and Roses (A Court of Thorns and Roses, #1)"
137,"The Lord of the Rings (The Lord of the Rings, #1-3)"
138,"Harry Potter and the Order of the Phoenix (Harry Potter, #5)"
139,American Gods (Kindle Edition)
140,"Assassin's Apprentice (Farseer Trilogy, #1)"
141,"A Dance with Dragons (A Song of Ice and Fire, #5)"
142,"Twilight (Twilight, #1)"
143,"Throne of Glass (Throne of Glass, #1)"
144,"A Clash of Kings  (A Song of Ice and Fire, #2)"
145,"The Color of Magic (Discworld, #1; Rincewind, #1)"
146,"Harry Potter and the Half-Blood Prince (Harry Potter, #6)"
147,"A Feast for Crows (A Song of Ice and Fire, #4)"
148,"The Fellowship of the Ring (The Lord of the Rings, #1)"
149,"The Return of the King (The Lord of the Rings, #3)"
150,The Hobbit or There and Back Again (Paperback)
151,The Ocean at the End of the Lane (Hardcover)
152,"The Lion, the Witch and the Wardrobe (Chronicles of Narnia, #1)"
153,"Harry Potter and the Deathly Hallows (Harry Potter, #7)"
154,"A Darker Shade of Magic (Shades of Magic, #1)"
155,The Night Circus (Hardcover)
156,"A Game of Thrones (A Song of Ice and Fire, #1)"
157,"A Storm of Swords (A Song of Ice and Fire, #3)"
158,"The Final Empire (Mistborn, #1)"
159,"Good Omens: The Nice and Accurate Prophecies of Agnes Nutter, Witch (Mass Market Paperback)"
160,"The Lies of Locke Lamora (Gentleman Bastard, #1)"
161,"A Wizard of Earthsea (Earthsea Cycle, #1)"
162,The Silmarillion (Middle-Earth Universe)
163,"Harry Potter and the Prisoner of Azkaban (Harry Potter, #3)"
164,"The Golden Compass (His Dark Materials, #1)"
165,"City of Bones (The Mortal Instruments, #1)"
166,"Harry Potter and the Cursed Child: Parts One and Two (Harry Potter, #8)"
167,"The Magician's Nephew (Chronicles of Narnia, #6)"
168,Graceling (Hardcover)
169,The Princess Bride (Paperback)
170,"The Two Towers (The Lord of the Rings, #2)"
171,"The Way of Kings (The Stormlight Archive, #1)"
172,"The Name of the Wind (The Kingkiller Chronicle, #1)"
173,"The Hunger Games (The Hunger Games, #1)"
174,"Neverwhere (London Below, #1)"
175,"Harry Potter and the Sorcerer's Stone (Harry Potter, #1)"
176,"Harry Potter and the Goblet of Fire (Harry Potter, #4)"
177,"The Wise Man's Fear (The Kingkiller Chronicle, #2)"
178,"The Sea of Monsters (Percy Jackson and the Olympians, #2)"
179,"The Subtle Knife (His Dark Materials, #2)"
180,"Harry Potter and the Chamber of Secrets (Harry Potter, #2)"
181,"The Lightning Thief (Percy Jackson and the Olympians, #1)"
182,"Eldest (The Inheritance Cycle, #2)"
183,"Eragon (The Inheritance Cycle, #1)"
184,"The Eye of the World (The Wheel of Time, #1)"
185,"The Well of Ascension (Mistborn, #2)"
186,"A Court of Thorns and Roses (A Court of Thorns and Roses, #1)"
187,"The Lord of the Rings (The Lord of the Rings, #1-3)"
188,"Harry Potter and the Order of the Phoenix (Harry Potter, #5)"
189,American Gods (Kindle Edition)
190,"Assassin's Apprentice (Farseer Trilogy, #1)"
191,"A Dance with Dragons (A Song of Ice and Fire, #5)"
192,"Twilight (Twilight, #1)"
193,"Throne of Glass (Throne of Glass, #1)"
194,"A Clash of Kings  (A Song of Ice and Fire, #2)"
195,"The Color of Magic (Discworld, #1; Rincewind, #1)"
196,"Harry Potter and the Half-Blood Prince (Harry Potter, #6)"
197,"A Feast for Crows (A Song of Ice and Fire, #4)"
198,"The Fellowship of the Ring (The Lord of the Rings, #1)"
199,"The Return of the King (The Lord of the Rings, #3)"
200,The Hobbit or There and Back Again (Paperback)
201,The Ocean at the End of the Lane (Hardcover)
202,"The Lion, the Witch and the Wardrobe (Chronicles of Narnia, #1)"
203,"Harry Potter and the Deathly Hallows (Harry Potter, #7)"
204,"A Darker Shade of Magic (Shades of Magic, #1)"
205,The Night Circus (Hardcover)
206,"A Game of Thrones (A Song of Ice and Fire, #1)"
207,"A Storm of Swords (A Song of Ice and Fire, #3)"
208,"The Final Empire (Mistborn, #1)"
209,"Good Omens: The Nice and Accurate Prophecies of Agnes Nutter, Witch (Mass Market Paperback)"
210,"The Lies of Locke Lamora (Gentleman Bastard, #1)"
211,"A Wizard of Earthsea (Earthsea Cycle, #1)"
212,The Silmarillion (Middle-Earth Universe)
213,"Harry Potter and the Prisoner of Azkaban (Harry Potter, #3)"
214,"The Golden Compass (His Dark Materials, #1)"
215,"City of Bones (The Mortal Instruments, #1)"
216,"Harry Potter and the Cursed Child: Parts One and Two (Harry Potter, #8)"
217,"The Magician's Nephew (Chronicles of Narnia, #6)"
218,Graceling (Hardcover)
219,The Princess Bride (Paperback)
220,"The Two Towers (The Lord of the Rings, #2)"
221,"The Way of Kings (The Stormlight Archive, #1)"
222,"The Name of the Wind (The Kingkiller Chronicle, #1)"
223,"The Hunger Games (The Hunger Games, #1)"
224,"Neverwhere (London Below, #1)"
225,"Harry Potter and the Sorcerer's Stone (Harry Potter, #1)"
226,"Harry Potter and the Goblet of Fire (Harry Potter, #4)"
227,"The Wise Man's Fear (The Kingkiller Chronicle, #2)"
228,"The Sea of Monsters (Percy Jackson and the Olympians, #2)"
229,"The Subtle Knife (His Dark Materials, #2)"
230,"Harry Potter and the Chamber of Secrets (Harry Potter, #2)"
231,"The Lightning Thief (Percy Jackson and the Olympians, #1)"
232,"Eldest (The Inheritance Cycle, #2)"
233,"Eragon (The Inheritance Cycle, #1)"
234,"The Eye of the World (The Wheel of Time, #1)"
235,"The Well of Ascension (Mistborn, #2)"
236,"A Court of Thorns and Roses (A Court of Thorns and Roses, #1)"
237,"The Lord of the Rings (The Lord of the Rings, #1-3)"
238,"Harry Potter and the Order of the Phoenix (Harry Potter, #5)"
239,American Gods (Kindle Edition)
240,"Assassin's Apprentice (Farseer Trilogy, #1)"
241,"A Dance with Dragons (A Song of Ice and Fire, #5)"
242,"Twilight (Twilight, #1)"
243,"Throne of Glass (Throne of Glass, #1)"
244,"A Clash of Kings  (A Song of Ice and Fire, #2)"
245,"The Color of Magic (Discworld, #1; Rincewind, #1)"
246,"Harry Potter and the Half-Blood Prince (Harry Potter, #6)"
247,"A Feast for Crows (A Song of Ice and Fire, #4)"
248,"The Fellowship of the Ring (The Lord of the Rings, #1)"
249,"The Return of the King (The Lord of the Rings, #3)"
250,The Hobbit or There and Back Again (Paperback)
251,The Ocean at the End of the Lane (Hardcover)
252,"The Lion, the Witch and the Wardrobe (Chronicles of Narnia, #1)"
253,"Harry Potter and the Deathly Hallows (Harry Potter, #7)"
254,"A Darker Shade of Magic (Shades of Magic, #1)"
255,The Night Circus (Hardcover)
256,"A Game of Thrones (A Song of Ice and Fire, #1)"
257,"A Storm of Swords (A Song of Ice and Fire, #3)"
258,"The Final Empire (Mistborn, #1)"
259,"Good Omens: The Nice and Accurate Prophecies of Agnes Nutter, Witch (Mass Market Paperback)"
260,"The Lies of Locke Lamora (Gentleman Bastard, #1)"
261,"A Wizard of Earthsea (Earthsea Cycle, #1)"
262,The Silmarillion (Middle-Earth Universe)
263,"Harry Potter and the Prisoner of Azkaban (Harry Potter, #3)"
264,"The Golden Compass (His Dark Materials, #1)"
265,"City of Bones (The Mortal Instruments, #1)"
266,"Harry Potter and the Cursed Child: Parts One and Two (Harry Potter, #8)"
267,"The Magician's Nephew (Chronicles of Narnia, #6)"
268,Graceling (Hardcover)
269,The Princess Bride (Paperback)
270,"The Two Towers (The Lord of the Rings, #2)"
271,"The Way of Kings (The Stormlight Archive, #1)"
272,"The Name of the Wind (The Kingkiller Chronicle, #1)"
273,"The Hunger Games (The Hunger Games, #1)"
274,"Neverwhere (London Below, #1)"
275,"Harry Potter and the Sorcerer's Stone (Harry Potter, #1)"
276,"Harry Potter and the Goblet of Fire (Harry Potter, #4)"
277,"The Wise Man's Fear (The Kingkiller Chronicle, #2)"
278,"The Sea of Monsters (Percy Jackson and the Olympians, #2)"
279,"The Subtle Knife (His Dark Materials, #2)"
280,"Harry Potter and the Chamber of Secrets (Harry Potter, #2)"
281,"The Lightning Thief (Percy Jackson and the Olympians, #1)"
282,"Eldest (The Inheritance Cycle, #2)"
283,"Eragon (The Inheritance Cycle, #1)"
284,"The Eye of the World (The Wheel of Time, #1)"
285,"The Well of Ascension (Mistborn, #2)"
286,"A Court of Thorns and Roses (A Court of Thorns and Roses, #1)"
287,"The Lord of the Rings (The Lord of the Rings, #1-3)"
288,"Harry Potter and the Order of the Phoenix (Harry Potter, #5)"
289,American Gods (Kindle Edition)
290,"Assassin's Apprentice (Farseer Trilogy, #1)"
291,"A Dance with Dragons (A Song of Ice and Fire, #5)"
292,"Twilight (Twilight, #1)"
293,"Throne of Glass (Throne of Glass, #1)"
294,"A Clash of Kings  (A Song of Ice and Fire, #2)"
295,"The Color of Magic (Discworld, #1; Rincewind, #1)"
296,"Harry Potter and the Half-Blood Prince (Harry Potter, #6)"
297,"A Feast for Crows (A Song of Ice and Fire, #4)"
298,"The Fellowship of the Ring (The Lord of the Rings, #1)"
299,"The Return of the King (The Lord of the Rings, #3)"
300,The Hobbit or There and Back Again (Paperback)
301,The Ocean at the End of the Lane (Hardcover)
302,"The Lion, the Witch and the Wardrobe (Chronicles of Narnia, #1)"
303,"Harry Potter and the Deathly Hallows (Harry Potter, #7)"
304,"A Darker Shade of Magic (Shades of Magic, #1)"
305,The Night Circus (Hardcover)
306,"A Game of Thrones (A Song of Ice and Fire, #1)"
307,"A Storm of Swords (A Song of Ice and Fire, #3)"
308,"The Final Empire (Mistborn, #1)"
309,"Good Omens: The Nice and Accurate Prophecies of Agnes Nutter, Witch (Mass Market Paperback)"
310,"The Lies of Locke Lamora (Gentleman Bastard, #1)"
311,"A Wizard of Earthsea (Earthsea Cycle, #1)"
312,The Silmarillion (Middle-Earth Universe)
313,"Harry Potter and the Prisoner of Azkaban (Harry Potter, #3)"
314,"The Golden Compass (His Dark Materials, #1)"
315,"City of Bones (The Mortal Instruments, #1)"
316,"Harry Potter and the Cursed Child: Parts One and Two (Harry Potter, #8)"
317,"The Magician's Nephew (Chronicles of Narnia, #6)"
318,Graceling (Hardcover)
319,The Princess Bride (Paperback)
320,"The Two Towers (The Lord of the Rings, #2)"
321,"The Way of Kings (The Stormlight Archive, #1)"
322,"The Name of the Wind (The Kingkiller Chronicle, #1)"
323,"The Hunger Games (The Hunger Games, #1)"
324,"Neverwhere (London Below, #1)"
325,"Harry Potter and the Sorcerer's Stone (Harry Potter, #1)"
326,"Harry Potter and the Goblet of Fire (Harry Potter, #4)"
327,"The Wise Man's Fear (The Kingkiller Chronicle, #2)"
328,"The Sea of Monsters (Percy Jackson and the Olympians, #2)"
329,"The Subtle Knife (His Dark Materials, #2)"
330,"Harry Potter and the Chamber of Secrets (Harry Potter, #2)"
331,"The Lightning Thief (Percy Jackson and the Olympians, #1)"
332,"Eldest (The Inheritance Cycle, #2)"
333,"Eragon (The Inheritance Cycle, #1)"
334,"The Eye of the World (The Wheel of Time, #1)"
335,"The Well of Ascension (Mistborn, #2)"
336,"A Court of Thorns and Roses (A Court of Thorns and Roses, #1)"
337,"The Lord of the Rings (The Lord of the Rings, #1-3)"
338,"Harry Potter and the Order of the Phoenix (Harry Potter, #5)"
339,American Gods (Kindle Edition)
340,"Assassin's Apprentice (Farseer Trilogy, #1)"
341,"A Dance with Dragons (A Song of Ice and Fire, #5)"
342,"Twilight (Twilight, #1)"
343,"Throne of Glass (Throne of Glass, #1)"
344,"A Clash of Kings  (A Song of Ice and Fire, #2)"
345,"The Color of Magic (Discworld, #1; Rincewind, #1)"
346,"Harry Potter and the Half-Blood Prince (Harry Potter, #6)"
347,"A Feast for Crows (A Song of Ice and Fire, #4)"
348,"The Fellowship of the Ring (The Lord of the Rings, #1)"
349,"The Return of the King (The Lord of the Rings, #3)"
350,The Hobbit or There and Back Again (Paperback)
351,The Ocean at the End of the Lane (Hardcover)
352,"The Lion, the Witch and the Wardrobe (Chronicles of Narnia, #1)"
353,"Harry Potter and the Deathly Hallows (Harry Potter, #7)"
354,"A Darker Shade of Magic (Shades of Magic, #1)"
355,The Night Circus (Hardcover)
356,"A Game of Thrones (A Song of Ice and Fire, #1)"
357,"A Storm of Swords (A Song of Ice and Fire, #3)"
358,"The Final Empire (Mistborn, #1)"
359,"Good Omens: The Nice and Accurate Prophecies of Agnes Nutter, Witch (Mass Market Paperback)"
360,"The Lies of Locke Lamora (Gentleman Bastard, #1)"
361,"A Wizard of Earthsea (Earthsea Cycle, #1)"
362,The Silmarillion (Middle-Earth Universe)
363,"Harry Potter and the Prisoner of Azkaban (Harry Potter, #3)"
364,"The Golden Compass (His Dark Materials, #1)"
365,"City of Bones (The Mortal Instruments, #1)"
366,"Harry Potter and the Cursed Child: Parts One and Two (Harry Potter, #8)"
367,"The Magician's Nephew (Chronicles of Narnia, #6)"
368,Graceling (Hardcover)
369,The Princess Bride (Paperback)
370,"The Two Towers (The Lord of the Rings, #2)"
371,"The Way of Kings (The Stormlight Archive, #1)"
372,"The Name of the Wind (The Kingkiller Chronicle, #1)"
373,"The Hunger Games (The Hunger Games, #1)"
374,"Neverwhere (London Below, #1)"
375,"Harry Potter and the Sorcerer's Stone (Harry Potter, #1)"
376,"Harry Potter and the Goblet of Fire (Harry Potter, #4)"
377,"The Wise Man's Fear (The Kingkiller Chronicle, #2)"
378,"The Sea of Monsters (Percy Jackson and the Olympians, #2)"
379,"The Subtle Knife (His Dark Materials, #2)"
380,"Harry Potter and the Chamber of Secrets (Harry Potter, #2)"
381,"The Lightning Thief (Percy Jackson and the Olympians, #1)"
382,"Eldest (The Inheritance Cycle, #2)"
383,"Eragon (The Inheritance Cycle, #1)"
384,"The Eye of the World (The Wheel of Time, #1)"
385,"The Well of Ascension (Mistborn, #2)"
386,"A Court of Thorns and Roses (A Court of Thorns and Roses, #1)"
387,"The Lord of the Rings (The Lord of the Rings, #1-3)"
388,"Harry Potter and the Order of the Phoenix (Harry Potter, #5)"
389,American Gods (Kindle Edition)
390,"Assassin's Apprentice (Farseer Trilogy, #1)"
391,"A Dance with Dragons (A Song of Ice and Fire, #5)"
392,"Twilight (Twilight, #1)"
393,"Throne of Glass (Throne of Glass, #1)"
394,"A Clash of Kings  (A Song of Ice and Fire, #2)"
395,"The Color of Magic (Discworld, #1; Rincewind, #1)"
396,"Harry Potter and the Half-Blood Prince (Harry Potter, #6)"
397,"A Feast for Crows (A Song of Ice and Fire, #4)"
398,"The Fellowship of the Ring (The Lord of the Rings, #1)"
399,"The Return of the King (The Lord of the Rings, #3)"
400,The Hobbit or There and Back Again (Paperback)
401,The Ocean at the End of the Lane (Hardcover)
402,"The Lion, the Witch and the Wardrobe (Chronicles of Narnia, #1)"
403,"Harry Potter and the Deathly Hallows (Harry Potter, #7)"
404,"A Darker Shade of Magic (Shades of Magic, #1)"
405,The Night Circus (Hardcover)
406,"A Game of Thrones (A Song of Ice and Fire, #1)"
407,"A Storm of Swords (A Song of Ice and Fire, #3)"
408,"The Final Empire (Mistborn, #1)"
409,"Good Omens: The Nice and Accurate Prophecies of Agnes Nutter, Witch (Mass Market Paperback)"
410,"The Lies of Locke Lamora (Gentleman Bastard, #1)"
411,"A Wizard of Earthsea (Earthsea Cycle, #1)"
412,The Silmarillion (Middle-Earth Universe)
413,"Harry Potter and the Prisoner of Azkaban (Harry Potter, #3)"
414,"The Golden Compass (His Dark Materials, #1)"
415,"City of Bones (The Mortal Instruments, #1)"
416,"Harry Potter and the Cursed Child: Parts One and Two (Harry Potter, #8)"
417,"The Magician's Nephew (Chronicles of Narnia, #6)"
418,Graceling (Hardcover)
419,The Princess Bride (Paperback)
420,"The Two Towers (The Lord of the Rings, #2)"
421,"The Way of Kings (The Stormlight Archive, #1)"
422,"The Name of the Wind (The Kingkiller Chronicle, #1)"
423,"The Hunger Games (The Hunger Games, #1)"
424,"Neverwhere (London Below, #1)"
425,"Harry Potter and the Sorcerer's Stone (Harry Potter, #1)"
426,"Harry Potter and the Goblet of Fire (Harry Potter, #4)"
427,"The Wise Man's Fear (The Kingkiller Chronicle, #2)"
428,"The Sea of Monsters (Percy Jackson and the Olympians, #2)"
429,"The Subtle Knife (His Dark Materials, #2)"
430,"Harry Potter and the Chamber of Secrets (Harry Potter, #2)"
431,"The Lightning Thief (Percy Jackson and the Olympians, #1)"
432,"Eldest (The Inheritance Cycle, #2)"
433,"Eragon (The Inheritance Cycle, #1)"
434,"The Eye of the World (The Wheel of Time, #1)"
435,"The Well of Ascension (Mistborn, #2)"
436,"A Court of Thorns and Roses (A Court of Thorns and Roses, #1)"
437,"The Lord of the Rings (The Lord of the Rings, #1-3)"
438,"Harry Potter and the Order of the Phoenix (Harry Potter, #5)"
439,American Gods (Kindle Edition)
440,"Assassin's Apprentice (Farseer Trilogy, #1)"
441,"A Dance with Dragons (A Song of Ice and Fire, #5)"
442,"Twilight (Twilight, #1)"
443,"Throne of Glass (Throne of Glass, #1)"
444,"A Clash of Kings  (A Song of Ice and Fire, #2)"
445,"The Color of Magic (Discworld, #1; Rincewind, #1)"
446,"Harry Potter and the Half-Blood Prince (Harry Potter, #6)"
447,"A Feast for Crows (A Song of Ice and Fire, #4)"
448,"The Fellowship of the Ring (The Lord of the Rings, #1)"
449,"The Return of the King (The Lord of the Rings, #3)"
450,The Hobbit or There and Back Again (Paperback)
451,The Ocean at the End of the Lane (Hardcover)
452,"The Lion, the Witch and the Wardrobe (Chronicles of Narnia, #1)"
453,"Harry Potter and the Deathly Hallows (Harry Potter, #7)"
454,"A Darker Shade of Magic (Shades of Magic, #1)"
455,The Night Circus (Hardcover)
456,"A Game of Thrones (A Song of Ice and Fire, #1)"
457,"A Storm of Swords (A Song of Ice and Fire, #3)"
458,"The Final Empire (Mistborn, #1)"
459,"Good Omens: The Nice and Accurate Prophecies of Agnes Nutter, Witch (Mass Market Paperback)"
460,"The Lies of Locke Lamora (Gentleman Bastard, #1)"
461,"A Wizard of Earthsea (Earthsea Cycle, #1)"
462,The Silmarillion (Middle-Earth Universe)
463,"Harry Potter and the Prisoner of Azkaban (Harry Potter, #3)"
464,"The Golden Compass (His Dark Materials, #1)"
465,"City of Bones (The Mortal Instruments, #1)"
466,"Harry Potter and the Cursed Child: Parts One and Two (Harry Potter, #8)"
467,"The Magician's Nephew (Chronicles of Narnia, #6)"
468,Graceling (Hardcover)
469,The Princess Bride (Paperback)
470,"The Two Towers (The Lord of the Rings, #2)"
471,"The Way of Kings (The Stormlight Archive, #1)"
472,"The Name of the Wind (The Kingkiller Chronicle, #1)"
473,"The Hunger Games (The Hunger Games, #1)"
474,"Neverwhere (London Below, #1)"
475,"Harry Potter and the Sorcerer's Stone (Harry Potter, #1)"
476,"Harry Potter and the Goblet of Fire (Harry Potter, #4)"
477,"The Wise Man's Fear (The Kingkiller Chronicle, #2)"
478,"The Sea of Monsters (Percy Jackson and the Olympians, #2)"
479,"The Subtle Knife (His Dark Materials, #2)"
480,"Harry Potter and the Chamber of Secrets (Harry Potter, #2)"
481,"The Lightning Thief (Percy Jackson and the Olympians, #1)"
482,"Eldest (The Inheritance Cycle, #2)"
483,"Eragon (The Inheritance Cycle, #1)"
484,"The Eye of the World (The Wheel of Time, #1)"
485,"The Well of Ascension (Mistborn, #2)"
486,"A Court of Thorns and Roses (A Court of Thorns and Roses, #1)"
487,"The Lord of the Rings (The Lord of the Rings, #1-3)"
488,"Harry Potter and the Order of the Phoenix (Harry Potter, #5)"
489,American Gods (Kindle Edition)
490,"Assassin's Apprentice (Farseer Trilogy, #1)"
491,"A Dance with Dragons (A Song of Ice and Fire, #5)"
492,"Twilight (Twilight, #1)"
493,"Throne of Glass (Throne of Glass, #1)"
494,"A Clash of Kings  (A Song of Ice and Fire, #2)"
495,"The Color of Magic (Discworld, #1; Rincewind, #1)"
496,"Harry Potter and the Half-Blood Prince (Harry Potter, #6)"
497,"A Feast for Crows (A Song of Ice and Fire, #4)"
498,"The Fellowship of the Ring (The Lord of the Rings, #1)"
499,"The Return of the King (The Lord of the Rings, #3)"
500,The Hobbit or There and Back Again (Paperback)
501,The Ocean at the End of the Lane (Hardcover)
502,"The Lion, the Witch and the Wardrobe (Chronicles of Narnia, #1)"
503,"Harry Potter and the Deathly Hallows (Harry Potter, #7)"
504,"A Darker Shade of Magic (Shades of Magic, #1)"
505,The Night Circus (Hardcover)
506,"A Game of Thrones (A Song of Ice and Fire, #1)"
507,"A Storm of Swords (A Song of Ice and Fire, #3)"
508,"The Final Empire (Mistborn, #1)"
509,"Good Omens: The Nice and Accurate Prophecies of Agnes Nutter, Witch (Mass Market Paperback)"
510,"The Lies of Locke Lamora (Gentleman Bastard, #1)"
511,"A Wizard of Earthsea (Earthsea Cycle, #1)"
512,The Silmarillion (Middle-Earth Universe)
513,"Harry Potter and the Prisoner of Azkaban (Harry Potter, #3)"
514,"The Golden Compass (His Dark Materials, #1)"
515,"City of Bones (The Mortal Instruments, #1)"
516,"Harry Potter and the Cursed Child: Parts One and Two (Harry Potter, #8)"
517,"The Magician's Nephew (Chronicles of Narnia, #6)"
518,Graceling (Hardcover)
519,The Princess Bride (Paperback)
520,"The Two Towers (The Lord of the Rings, #2)"
521,"The Way of Kings (The Stormlight Archive, #1)"
522,"The Name of the Wind (The Kingkiller Chronicle, #1)"
523,"The Hunger Games (The Hunger Games, #1)"
524,"Neverwhere (London Below, #1)"
525,"Harry Potter and the Sorcerer's Stone (Harry Potter, #1)"
526,"Harry Potter and the Goblet of Fire (Harry Potter, #4)"
527,"The Wise Man's Fear (The Kingkiller Chronicle, #2)"
528,"The Sea of Monsters (Percy Jackson and the Olympians, #2)"
529,"The Subtle Knife (His Dark Materials, #2)"
530,"Harry Potter and the Chamber of Secrets (Harry Potter, #2)"
531,"The Lightning Thief (Percy Jackson and the Olympians, #1)"
532,"Eldest (The Inheritance Cycle, #2)"
533,"Eragon (The Inheritance Cycle, #1)"
534,"The Eye of the World (The Wheel of Time, #1)"
535,"The Well of Ascension (Mistborn, #2)"
536,"A Court of Thorns and Roses (A Court of Thorns and Roses, #1)"
537,"The Lord of the Rings (The Lord of the Rings, #1-3)"
538,"Harry Potter and the Order of the Phoenix (Harry Potter, #5)"
539,American Gods (Kindle Edition)
540,"Assassin's Apprentice (Farseer Trilogy, #1)"
541,"A Dance with Dragons (A Song of Ice and Fire, #5)"
542,"Twilight (Twilight, #1)"
543,"Throne of Glass (Throne of Glass, #1)"
544,"A Clash of Kings  (A Song of Ice and Fire, #2)"
545,"The Color of Magic (Discworld, #1; Rincewind, #1)"
546,"Harry Potter and the Half-Blood Prince (Harry Potter, #6)"
547,"A Feast for Crows (A Song of Ice and Fire, #4)"
548,"The Fellowship of the Ring (The Lord of the Rings, #1)"
549,"The Return of the King (The Lord of the Rings, #3)"
550,The Hobbit or There and Back Again (Paperback)
551,The Ocean at the End of the Lane (Hardcover)
552,"The Lion, the Witch and the Wardrobe (Chronicles of Narnia, #1)"
553,"Harry Potter and the Deathly Hallows (Harry Potter, #7)"
554,"A Darker Shade of Magic (Shades of Magic, #1)"
555,The Night Circus (Hardcover)
556,"A Game of Thrones (A Song of Ice and Fire, #1)"
557,"A Storm of Swords (A Song of Ice and Fire, #3)"
558,"The Final Empire (Mistborn, #1)"
559,"Good Omens: The Nice and Accurate Prophecies of Agnes Nutter, Witch (Mass Market Paperback)"
560,"The Lies of Locke Lamora (Gentleman Bastard, #1)"
561,"A Wizard of Earthsea (Earthsea Cycle, #1)"
562,The Silmarillion (Middle-Earth Universe)
563,"Harry Potter and the Prisoner of Azkaban (Harry Potter, #3)"
564,"The Golden Compass (His Dark Materials, #1)"
565,"City of Bones (The Mortal Instruments, #1)"
566,"Harry Potter and the Cursed Child: Parts One and Two (Harry Potter, #8)"
567,"The Magician's Nephew (Chronicles of Narnia, #6)"
568,Graceling (Hardcover)
569,The Princess Bride (Paperback)
570,"The Two Towers (The Lord of the Rings, #2)"
571,"The Way of Kings (The Stormlight Archive, #1)"
572,"The Name of the Wind (The Kingkiller Chronicle, #1)"
573,"The Hunger Games (The Hunger Games, #1)"
574,"Neverwhere (London Below, #1)"
575,"Harry Potter and the Sorcerer's Stone (Harry Potter, #1)"
576,"Harry Potter and the Goblet of Fire (Harry Potter, #4)"
577,"The Wise Man's Fear (The Kingkiller Chronicle, #2)"
578,"The Sea of Monsters (Percy Jackson and the Olympians, #2)"
579,"The Subtle Knife (His Dark Materials, #2)"
580,"Harry Potter and the Chamber of Secrets (Harry Potter, #2)"
581,"The Lightning Thief (Percy Jackson and the Olympians, #1)"
582,"Eldest (The Inheritance Cycle, #2)"
583,"Eragon (The Inheritance Cycle, #1)"
584,"The Eye of the World (The Wheel of Time, #1)"
585,"The Well of Ascension (Mistborn, #2)"
586,"A Court of Thorns and Roses (A Court of Thorns and Roses, #1)"
587,"The Lord of the Rings (The Lord of the Rings, #1-3)"
588,"Harry Potter and the Order of the Phoenix (Harry Potter, #5)"
589,American Gods (Kindle Edition)
590,"Assassin's Apprentice (Farseer Trilogy, #1)"
591,"A Dance with Dragons (A Song of Ice and Fire, #5)"
592,"Twilight (Twilight, #1)"
593,"Throne of Glass (Throne of Glass, #1)"
594,"A Clash of Kings  (A Song of Ice and Fire, #2)"
595,"The Color of Magic (Discworld, #1; Rincewind, #1)"
596,"Harry Potter and the Half-Blood Prince (Harry Potter, #6)"
597,"A Feast for Crows (A Song of Ice and Fire, #4)"
598,"The Fellowship of the Ring (The Lord of the Rings, #1)"
599,"The Return of the King (The Lord of the Rings, #3)"
600,The Hobbit or There and Back Again (Paperback)
601,The Ocean at the End of the Lane (Hardcover)
602,"The Lion, the Witch and the Wardrobe (Chronicles of Narnia, #1)"
603,"Harry Potter and the Deathly Hallows (Harry Potter, #7)"
604,"A Darker Shade of Magic (Shades of Magic, #1)"
605,The Night Circus (Hardcover)
606,"A Game of Thrones (A Song of Ice and Fire, #1)"
607,"A Storm of Swords (A Song of Ice and Fire, #3)"
608,"The Final Empire (Mistborn, #1)"
609,"Good Omens: The Nice and Accurate Prophecies of Agnes Nutter, Witch (Mass Market Paperback)"
610,"The Lies of Locke Lamora (Gentleman Bastard, #1)"
611,"A Wizard of Earthsea (Earthsea Cycle, #1)"
612,The Silmarillion (Middle-Earth Universe)
613,"Harry Potter and the Prisoner of Azkaban (Harry Potter, #3)"
614,"The Golden Compass (His Dark Materials, #1)"
615,"City of Bones (The Mortal Instruments, #1)"
616,"Harry Potter and the Cursed Child: Parts One and Two (Harry Potter, #8)"
617,"The Magician's Nephew (Chronicles of Narnia, #6)"
618,Graceling (Hardcover)
619,The Princess Bride (Paperback)
620,"The Two Towers (The Lord of the Rings, #2)"
621,"The Way of Kings (The Stormlight Archive, #1)"
622,"The Name of the Wind (The Kingkiller Chronicle, #1)"
623,"The Hunger Games (The Hunger Games, #1)"
624,"Neverwhere (London Below, #1)"
625,"Harry Potter and the Sorcerer's Stone (Harry Potter, #1)"
626,"Harry Potter and the Goblet of Fire (Harry Potter, #4)"
627,"The Wise Man's Fear (The Kingkiller Chronicle, #2)"
628,"The Sea of Monsters (Percy Jackson and the Olympians, #2)"
629,"The Subtle Knife (His Dark Materials, #2)"
630,"Harry Potter and the Chamber of Secrets (Harry Potter, #2)"
631,"The Lightning Thief (Percy Jackson and the Olympians, #1)"
632,"Eldest (The Inheritance Cycle, #2)"
633,"Eragon (The Inheritance Cycle, #1)"
634,"The Eye of the World (The Wheel of Time, #1)"
635,"The Well of Ascension (Mistborn, #2)"
636,"A Court of Thorns and Roses (A Court of Thorns and Roses, #1)"
637,"The Lord of the Rings (The Lord of the Rings, #1-3)"
638,"Harry Potter and the Order of the Phoenix (Harry Potter, #5)"
639,American Gods (Kindle Edition)
640,"Assassin's Apprentice (Farseer Trilogy, #1)"
641,"A Dance with Dragons (A Song of Ice and Fire, #5)"
642,"Twilight (Twilight, #1)"
643,"Throne of Glass (Throne of Glass, #1)"
644,"A Clash of Kings  (A Song of Ice and Fire, #2)"
645,"The Color of Magic (Discworld, #1; Rincewind, #1)"
646,"Harry Potter and the Half-Blood Prince (Harry Potter, #6)"
647,"A Feast for Crows (A Song of Ice and Fire, #4)"
648,"The Fellowship of the Ring (The Lord of the Rings, #1)"
649,"The Return of the King (The Lord of the Rings, #3)"
650,The Hobbit or There and Back Again (Paperback)
651,The Ocean at the End of the Lane (Hardcover)
652,"The Lion, the Witch and the Wardrobe (Chronicles of Narnia, #1)"
653,"Harry Potter and the Deathly Hallows (Harry Potter, #7)"
654,"A Darker Shade of Magic (Shades of Magic, #1)"
655,The Night Circus (Hardcover)
656,"A Game of Thrones (A Song of Ice and Fire, #1)"
657,"A Storm of Swords (A Song of Ice and Fire, #3)"
658,"The Final Empire (Mistborn, #1)"
659,"Good Omens: The Nice and Accurate Prophecies of Agnes Nutter, Witch (Mass Market Paperback)"
660,"The Lies of Locke Lamora (Gentleman Bastard, #1)"
661,"A Wizard of Earthsea (Earthsea Cycle, #1)"
662,The Silmarillion (Middle-Earth Universe)
663,"Harry Potter and the Prisoner of Azkaban (Harry Potter, #3)"
664,"The Golden Compass (His Dark Materials, #1)"
665,"City of Bones (The Mortal Instruments, #1)"
666,"Harry Potter and the Cursed Child: Parts One and Two (Harry Potter, #8)"
667,"The Magician's Nephew (Chronicles of Narnia, #6)"
668,Graceling (Hardcover)
669,The Princess Bride (Paperback)
670,"The Two Towers (The Lord of the Rings, #2)"
671,"The Way of Kings (The Stormlight Archive, #1)"
672,"The Name of the Wind (The Kingkiller Chronicle, #1)"
673,"The Hunger Games (The Hunger Games, #1)"
674,"Neverwhere (London Below, #1)"
675,"Harry Potter and the Sorcerer's Stone (Harry Potter, #1)"
676,"Harry Potter and the Goblet of Fire (Harry Potter, #4)"
677,"The Wise Man's Fear (The Kingkiller Chronicle, #2)"
678,"The Sea of Monsters (Percy Jackson and the Olympians, #2)"
679,"The Subtle Knife (His Dark Materials, #2)"
680,"Harry Potter and the Chamber of Secrets (Harry Potter, #2)"
681,"The Lightning Thief (Percy Jackson and the Olympians, #1)"
682,"Eldest (The Inheritance Cycle, #2)"
683,"Eragon (The Inheritance Cycle, #1)"
684,"The Eye of the World (The Wheel of Time, #1)"
685,"The Well of Ascension (Mistborn, #2)"
686,"A Court of Thorns and Roses (A Court of Thorns and Roses, #1)"
687,"The Lord of the Rings (The Lord of the Rings, #1-3)"
688,"Harry Potter and the Order of the Phoenix (Harry Potter, #5)"
689,American Gods (Kindle Edition)
690,"Assassin's Apprentice (Farseer Trilogy, #1)"
691,"A Dance with Dragons (A Song of Ice and Fire, #5)"
692,"Twilight (Twilight, #1)"
693,"Throne of Glass (Throne of Glass, #1)"
694,"A Clash of Kings  (A Song of Ice and Fire, #2)"
695,"The Color of Magic (Discworld, #1; Rincewind, #1)"
696,"Harry Potter and the Half-Blood Prince (Harry Potter, #6)"
697,"A Feast for Crows (A Song of Ice and Fire, #4)"
698,"The Fellowship of the Ring (The Lord of the Rings, #1)"
699,"The Return of the King (The Lord of the Rings, #3)"
700,The Hobbit or There and Back Again (Paperback)
701,The Ocean at the End of the Lane (Hardcover)
702,"The Lion, the Witch and the Wardrobe (Chronicles of Narnia, #1)"
703,"Harry Potter and the Deathly Hallows (Harry Potter, #7)"
704,"A Darker Shade of Magic (Shades of Magic, #1)"
705,The Night Circus (Hardcover)
706,"A Game of Thrones (A Song of Ice and Fire, #1)"
707,"A Storm of Swords (A Song of Ice and Fire, #3)"
708,"The Final Empire (Mistborn, #1)"
709,"Good Omens: The Nice and Accurate Prophecies of Agnes Nutter, Witch (Mass Market Paperback)"
710,"The Lies of Locke Lamora (Gentleman Bastard, #1)"
711,"A Wizard of Earthsea (Earthsea Cycle, #1)"
712,The Silmarillion (Middle-Earth Universe)
713,"Harry Potter and the Prisoner of Azkaban (Harry Potter, #3)"
714,"The Golden Compass (His Dark Materials, #1)"
715,"City of Bones (The Mortal Instruments, #1)"
716,"Harry Potter and the Cursed Child: Parts One and Two (Harry Potter, #8)"
717,"The Magician's Nephew (Chronicles of Narnia, #6)"
718,Graceling (Hardcover)
719,The Princess Bride (Paperback)
720,"The Two Towers (The Lord of the Rings, #2)"
721,"The Way of Kings (The Stormlight Archive, #1)"
722,"The Name of the Wind (The Kingkiller Chronicle, #1)"
723,"The Hunger Games (The Hunger Games, #1)"
724,"Neverwhere (London Below, #1)"
725,"Harry Potter and the Sorcerer's Stone (Harry Potter, #1)"
726,"Harry Potter and the Goblet of Fire (Harry Potter, #4)"
727,"The Wise Man's Fear (The Kingkiller Chronicle, #2)"
728,"The Sea of Monsters (Percy Jackson and the Olympians, #2)"
729,"The Subtle Knife (His Dark Materials, #2)"
730,"Harry Potter and the Chamber of Secrets (Harry Potter, #2)"
731,"The Lightning Thief (Percy Jackson and the Olympians, #1)"
732,"Eldest (The Inheritance Cycle, #2)"
733,"Eragon (The Inheritance Cycle, #1)"
734,"The Eye of the World (The Wheel of Time, #1)"
735,"The Well of Ascension (Mistborn, #2)"
736,"A Court of Thorns and Roses (A Court of Thorns and Roses, #1)"
737,"The Lord of the Rings (The Lord of the Rings, #1-3)"
738,"Harry Potter and the Order of the Phoenix (Harry Potter, #5)"
739,American Gods (Kindle Edition)
740,"Assassin's Apprentice (Farseer Trilogy, #1)"
741,"A Dance with Dragons (A Song of Ice and Fire, #5)"
742,"Twilight (Twilight, #1)"
743,"Throne of Glass (Throne of Glass, #1)"
744,"A Clash of Kings  (A Song of Ice and Fire, #2)"
745,"The Color of Magic (Discworld, #1; Rincewind, #1)"
746,"Harry Potter and the Half-Blood Prince (Harry Potter, #6)"
747,"A Feast for Crows (A Song of Ice and Fire, #4)"
748,"The Fellowship of the Ring (The Lord of the Rings, #1)"
749,"The Return of the King (The Lord of the Rings, #3)"
750,The Hobbit or There and Back Again (Paperback)
751,The Ocean at the End of the Lane (Hardcover)
752,"The Lion, the Witch and the Wardrobe (Chronicles of Narnia, #1)"
753,"Harry Potter and the Deathly Hallows (Harry Potter, #7)"
754,"A Darker Shade of Magic (Shades of Magic, #1)"
755,The Night Circus (Hardcover)
756,"A Game of Thrones (A Song of Ice and Fire, #1)"
757,"A Storm of Swords (A Song of Ice and Fire, #3)"
758,"The Final Empire (Mistborn, #1)"
759,"Good Omens: The Nice and Accurate Prophecies of Agnes Nutter, Witch (Mass Market Paperback)"
760,"The Lies of Locke Lamora (Gentleman Bastard, #1)"
761,"A Wizard of Earthsea (Earthsea Cycle, #1)"
762,The Silmarillion (Middle-Earth Universe)
763,"Harry Potter and the Prisoner of Azkaban (Harry Potter, #3)"
764,"The Golden Compass (His Dark Materials, #1)"
765,"City of Bones (The Mortal Instruments, #1)"
766,"Harry Potter and the Cursed Child: Parts One and Two (Harry Potter, #8)"
767,"The Magician's Nephew (Chronicles of Narnia, #6)"
768,Graceling (Hardcover)
769,The Princess Bride (Paperback)
770,"The Two Towers (The Lord of the Rings, #2)"
771,"The Way of Kings (The Stormlight Archive, #1)"
772,"The Name of the Wind (The Kingkiller Chronicle, #1)"
773,"The Hunger Games (The Hunger Games, #1)"
774,"Neverwhere (London Below, #1)"
775,"Harry Potter and the Sorcerer's Stone (Harry Potter, #1)"
776,"Harry Potter and the Goblet of Fire (Harry Potter, #4)"
777,"The Wise Man's Fear (The Kingkiller Chronicle, #2)"
778,"The Sea of Monsters (Percy Jackson and the Olympians, #2)"
779,"The Subtle Knife (His Dark Materials, #2)"
780,"Harry Potter and the Chamber of Secrets (Harry Potter, #2)"
781,"The Lightning Thief (Percy Jackson and the Olympians, #1)"
782,"Eldest (The Inheritance Cycle, #2)"
783,"Eragon (The Inheritance Cycle, #1)"
784,"The Eye of the World (The Wheel of Time, #1)"
785,"The Well of Ascension (Mistborn, #2)"
786,"A Court of Thorns and Roses (A Court of Thorns and Roses, #1)"
787,"The Lord of the Rings (The Lord of the Rings, #1-3)"
788,"Harry Potter and the Order of the Phoenix (Harry Potter, #5)"
789,American Gods (Kindle Edition)
790,"Assassin's Apprentice (Farseer Trilogy, #1)"
791,"A Dance with Dragons (A Song of Ice and Fire, #5)"
792,"Twilight (Twilight, #1)"
793,"Throne of Glass (Throne of Glass, #1)"
794,"A Clash of Kings  (A Song of Ice and Fire, #2)"
795,"The Color of Magic (Discworld, #1; Rincewind, #1)"
796,"Harry Potter and the Half-Blood Prince (Harry Potter, #6)"
797,"A Feast for Crows (A Song of Ice and Fire, #4)"
798,"The Fellowship of the Ring (The Lord of the Rings, #1)"
799,"The Return of the King (The Lord of the Rings, #3)"
800,The Hobbit or There and Back Again (Paperback)
801,The Ocean at the End of the Lane (Hardcover)
802,"The Lion, the Witch and the Wardrobe (Chronicles of Narnia, #1)"
803,"Harry Potter and the Deathly Hallows (Harry Potter, #7)"
804,"A Darker Shade of Magic (Shades of Magic, #1)"
805,The Night Circus (Hardcover)
806,"A Game of Thrones (A Song of Ice and Fire, #1)"
807,"A Storm of Swords (A Song of Ice and Fire, #3)"
808,"The Final Empire (Mistborn, #1)"
809,"Good Omens: The Nice and Accurate Prophecies of Agnes Nutter, Witch (Mass Market Paperback)"
810,"The Lies of Locke Lamora (Gentleman Bastard, #1)"
811,"A Wizard of Earthsea (Earthsea Cycle, #1)"
812,The Silmarillion (Middle-Earth Universe)
813,"Harry Potter and the Prisoner of Azkaban (Harry Potter, #3)"
814,"The Golden Compass (His Dark Materials, #1)"
815,"City of Bones (The Mortal Instruments, #1)"
816,"Harry Potter and the Cursed Child: Parts One and Two (Harry Potter, #8)"
817,"The Magician's Nephew (Chronicles of Narnia, #6)"
818,Graceling (Hardcover)
819,The Princess Bride (Paperback)
820,"The Two Towers (The Lord of the Rings, #2)"
821,"The Way of Kings (The Stormlight Archive, #1)"
822,"The Name of the Wind (The Kingkiller Chronicle, #1)"
823,"The Hunger Games (The Hunger Games, #1)"
824,"Neverwhere (London Below, #1)"
825,"Harry Potter and the Sorcerer's Stone (Harry Potter, #1)"
826,"Harry Potter and the Goblet of Fire (Harry Potter, #4)"
827,"The Wise Man's Fear (The Kingkiller Chronicle, #2)"
828,"The Sea of Monsters (Percy Jackson and the Olympians, #2)"
829,"The Subtle Knife (His Dark Materials, #2)"
830,"Harry Potter and the Chamber of Secrets (Harry Potter, #2)"
831,"The Lightning Thief (Percy Jackson and the Olympians, #1)"
832,"Eldest (The Inheritance Cycle, #2)"
833,"Eragon (The Inheritance Cycle, #1)"
834,"The Eye of the World (The Wheel of Time, #1)"
835,"The Well of Ascension (Mistborn, #2)"
836,"A Court of Thorns and Roses (A Court of Thorns and Roses, #1)"
837,"The Lord of the Rings (The Lord of the Rings, #1-3)"
838,"Harry Potter and the Order of the Phoenix (Harry Potter, #5)"
839,American Gods (Kindle Edition)
840,"Assassin's Apprentice (Farseer Trilogy, #1)"
841,"A Dance with Dragons (A Song of Ice and Fire, #5)"
842,"Twilight (Twilight, #1)"
843,"Throne of Glass (Throne of Glass, #1)"
844,"A Clash of Kings  (A Song of Ice and Fire, #2)"
845,"The Color of Magic (Discworld, #1; Rincewind, #1)"
846,"Harry Potter and the Half-Blood Prince (Harry Potter, #6)"
847,"A Feast for Crows (A Song of Ice and Fire, #4)"
848,"The Fellowship of the Ring (The Lord of the Rings, #1)"
849,"The Return of the King (The Lord of the Rings, #3)"
850,The Hobbit or There and Back Again (Paperback)
851,The Ocean at the End of the Lane (Hardcover)
852,"The Lion, the Witch and the Wardrobe (Chronicles of Narnia, #1)"
853,"Harry Potter and the Deathly Hallows (Harry Potter, #7)"
854,"A Darker Shade of Magic (Shades of Magic, #1)"
855,The Night Circus (Hardcover)
856,"A Game of Thrones (A Song of Ice and Fire, #1)"
857,"A Storm of Swords (A Song of Ice and Fire, #3)"
858,"The Final Empire (Mistborn, #1)"
859,"Good Omens: The Nice and Accurate Prophecies of Agnes Nutter, Witch (Mass Market Paperback)"
860,"The Lies of Locke Lamora (Gentleman Bastard, #1)"
861,"A Wizard of Earthsea (Earthsea Cycle, #1)"
862,The Silmarillion (Middle-Earth Universe)
863,"Harry Potter and the Prisoner of Azkaban (Harry Potter, #3)"
864,"The Golden Compass (His Dark Materials, #1)"
865,"City of Bones (The Mortal Instruments, #1)"
866,"Harry Potter and the Cursed Child: Parts One and Two (Harry Potter, #8)"
867,"The Magician's Nephew (Chronicles of Narnia, #6)"
868,Graceling (Hardcover)
869,The Princess Bride (Paperback)
870,"The Two Towers (The Lord of the Rings, #2)"
871,"The Way of Kings (The Stormlight Archive, #1)"
872,"The Name of the Wind (The Kingkiller Chronicle, #1)"
873,"The Hunger Games (The Hunger Games, #1)"
874,"Neverwhere (London Below, #1)"
875,"Harry Potter and the Sorcerer's Stone (Harry Potter, #1)"
876,"Harry Potter and the Goblet of Fire (Harry Potter, #4)"
877,"The Wise Man's Fear (The Kingkiller Chronicle, #2)"
878,"The Sea of Monsters (Percy Jackson and the Olympians, #2)"
879,"The Subtle Knife (His Dark Materials, #2)"
880,"Harry Potter and the Chamber of Secrets (Harry Potter, #2)"
881,"The Lightning Thief (Percy Jackson and the Olympians, #1)"
882,"Eldest (The Inheritance Cycle, #2)"
883,"Eragon (The Inheritance Cycle, #1)"
884,"The Eye of the World (The Wheel of Time, #1)"
885,"The Well of Ascension (Mistborn, #2)"
886,"A Court of Thorns and Roses (A Court of Thorns and Roses, #1)"
887,"The Lord of the Rings (The Lord of the Rings, #1-3)"
888,"Harry Potter and the Order of the Phoenix (Harry Potter, #5)"
889,American Gods (Kindle Edition)
890,"Assassin's Apprentice (Farseer Trilogy, #1)"
891,"A Dance with Dragons (A Song of Ice and Fire, #5)"
892,"Twilight (Twilight, #1)"
893,"Throne of Glass (Throne of Glass, #1)"
894,"A Clash of Kings  (A Song of Ice and Fire, #2)"
895,"The Color of Magic (Discworld, #1; Rincewind, #1)"
896,"Harry Potter and the Half-Blood Prince (Harry Potter, #6)"
897,"A Feast for Crows (A Song of Ice and Fire, #4)"
898,"The Fellowship of the Ring (The Lord of the Rings, #1)"
899,"The Return of the King (The Lord of the Rings, #3)"
900,The Hobbit or There and Back Again (Paperback)
901,The Ocean at the End of the Lane (Hardcover)
902,"The Lion, the Witch and the Wardrobe (Chronicles of Narnia, #1)"
903,"Harry Potter and the Deathly Hallows (Harry Potter, #7)"
904,"A Darker Shade of Magic (Shades of Magic, #1)"
905,The Night Circus (Hardcover)
906,"A Game of Thrones (A Song of Ice and Fire, #1)"
907,"A Storm of Swords (A Song of Ice and Fire, #3)"
908,"The Final Empire (Mistborn, #1)"
909,"Good Omens: The Nice and Accurate Prophecies of Agnes Nutter, Witch (Mass Market Paperback)"
910,"The Lies of Locke Lamora (Gentleman Bastard, #1)"
911,"A Wizard of Earthsea (Earthsea Cycle, #1)"
912,The Silmarillion (Middle-Earth Universe)
913,"Harry Potter and the Prisoner of Azkaban (Harry Potter, #3)"
914,"The Golden Compass (His Dark Materials, #1)"
915,"City of Bones (The Mortal Instruments, #1)"
916,"Harry Potter and the Cursed Child: Parts One and Two (Harry Potter, #8)"
917,"The Magician's Nephew (Chronicles of Narnia, #6)"
918,Graceling (Hardcover)
919,The Princess Bride (Paperback)
920,"The Two Towers (The Lord of the Rings, #2)"
921,"The Way of Kings (The Stormlight Archive, #1)"
922,"The Name of the Wind (The Kingkiller Chronicle, #1)"
923,"The Hunger Games (The Hunger Games, #1)"
924,"Neverwhere (London Below, #1)"
925,"Harry Potter and the Sorcerer's Stone (Harry Potter, #1)"
926,"Harry Potter and the Goblet of Fire (Harry Potter, #4)"
927,"The Wise Man's Fear (The Kingkiller Chronicle, #2)"
928,"The Sea of Monsters (Percy Jackson and the Olympians, #2)"
929,"The Subtle Knife (His Dark Materials, #2)"
930,"Harry Potter and the Chamber of Secrets (Harry Potter, #2)"
931,"The Lightning Thief (Percy Jackson and the Olympians, #1)"
932,"Eldest (The Inheritance Cycle, #2)"
933,"Eragon (The Inheritance Cycle, #1)"
934,"The Eye of the World (The Wheel of Time, #1)"
935,"The Well of Ascension (Mistborn, #2)"
936,"A Court of Thorns and Roses (A Court of Thorns and Roses, #1)"
937,"The Lord of the Rings (The Lord of the Rings, #1-3)"
938,"Harry Potter and the Order of the Phoenix (Harry Potter, #5)"
939,American Gods (Kindle Edition)
940,"Assassin's Apprentice (Farseer Trilogy, #1)"
941,"A Dance with Dragons (A Song of Ice and Fire, #5)"
942,"Twilight (Twilight, #1)"
943,"Throne of Glass (Throne of Glass, #1)"
944,"A Clash of Kings  (A Song of Ice and Fire, #2)"
945,"The Color of Magic (Discworld, #1; Rincewind, #1)"
946,"Harry Potter and the Half-Blood Prince (Harry Potter, #6)"
947,"A Feast for Crows (A Song of Ice and Fire, #4)"
948,"The Fellowship of the Ring (The Lord of the Rings, #1)"
949,"The Return of the King (The Lord of the Rings, #3)"
950,The Hobbit or There and Back Again (Paperback)
951,The Ocean at the End of the Lane (Hardcover)
952,"The Lion, the Witch and the Wardrobe (Chronicles of Narnia, #1)"
953,"Harry Potter and the Deathly Hallows (Harry Potter, #7)"
954,"A Darker Shade of Magic (Shades of Magic, #1)"
955,The Night Circus (Hardcover)
956,"A Game of Thrones (A Song of Ice and Fire, #1)"
957,"A Storm of Swords (A Song of Ice and Fire, #3)"
958,"The Final Empire (Mistborn, #1)"
959,"Good Omens: The Nice and Accurate Prophecies of Agnes Nutter, Witch (Mass Market Paperback)"
960,"The Lies of Locke Lamora (Gentleman Bastard, #1)"
961,"A Wizard of Earthsea (Earthsea Cycle, #1)"
962,The Silmarillion (Middle-Earth Universe)
963,"Harry Potter and the Prisoner of Azkaban (Harry Potter, #3)"
964,"The Golden Compass (His Dark Materials, #1)"
965,"City of Bones (The Mortal Instruments, #1)"
966,"Harry Potter and the Cursed Child: Parts One and Two (Harry Potter, #8)"
967,"The Magician's Nephew (Chronicles of Narnia, #6)"
968,Graceling (Hardcover)
969,The Princess Bride (Paperback)
970,"The Two Towers (The Lord of the Rings, #2)"
971,"The Way of Kings (The Stormlight Archive, #1)"
972,"The Name of the Wind (The Kingkiller Chronicle, #1)"
973,"The Hunger Games (The Hunger Games, #1)"
974,"Neverwhere (London Below, #1)"
975,"Harry Potter and the Sorcerer's Stone (Harry Potter, #1)"
976,"Harry Potter and the Goblet of Fire (Harry Potter, #4)"
977,"The Wise Man's Fear (The Kingkiller Chronicle, #2)"
978,"The Sea of Monsters (Percy Jackson and the Olympians, #2)"
979,"The Subtle Knife (His Dark Materials, #2)"
980,"Harry Potter and the Chamber of Secrets (Harry Potter, #2)"
981,"The Lightning Thief (Percy Jackson and the Olympians, #1)"
982,"Eldest (The Inheritance Cycle, #2)"
983,"Eragon (The Inheritance Cycle, #1)"
984,"The Eye of the World (The Wheel of Time, #1)"
985,"The Well of Ascension (Mistborn, #2)"
986,"A Court of Thorns and Roses (A Court of Thorns and Roses, #1)"
987,"The Lord of the Rings (The Lord of the Rings, #1-3)"
988,"Harry Potter and the Order of the Phoenix (Harry Potter, #5)"
989,American Gods (Kindle Edition)
990,"Assassin's Apprentice (Farseer Trilogy, #1)"
991,"A Dance with Dragons (A Song of Ice and Fire, #5)"
992,"Twilight (Twilight, #1)"
993,"Throne of Glass (Throne of Glass, #1)"
994,"A Clash of Kings  (A Song of Ice and Fire, #2)"
995,"The Color of Magic (Discworld, #1; Rincewind, #1)"
996,"Harry Potter and the Half-Blood Prince (Harry Potter, #6)"
997,"A Feast for Crows (A Song of Ice and Fire, #4)"
998,"The Fellowship of the Ring (The Lord of the Rings, #1)"
999,"The Return of the King (The Lord of the Rings, #3)"
1000,The Hobbit or There and Back Again (Paperback)
1001,The Ocean at the End of the Lane (Hardcover)
1002,"The Lion, the Witch and the Wardrobe (Chronicles of Narnia, #1)"
1003,"Harry Potter and the Deathly Hallows (Harry Potter, #7)"
1004,"A Darker Shade of Magic (Shades of Magic, #1)"
1005,The Night Circus (Hardcover)
1006,"A Game of Thrones (A Song of Ice and Fire, #1)"
1007,"A Storm of Swords (A Song of Ice and Fire, #3)"
1008,"The Final Empire (Mistborn, #1)"
1009,"Good Omens: The Nice and Accurate Prophecies of Agnes Nutter, Witch (Mass Market Paperback)"
1010,"The Lies of Locke Lamora (Gentleman Bastard, #1)"
1011,"A Wizard of Earthsea (Earthsea Cycle, #1)"
1012,The Silmarillion (Middle-Earth Universe)
1013,"Harry Potter and the Prisoner of Azkaban (Harry Potter, #3)"
1014,"The Golden Compass (His Dark Materials, #1)"
1015,"City of Bones (The Mortal Instruments, #1)"
1016,"Harry Potter and the Cursed Child: Parts One and Two (Harry Potter, #8)"
1017,"The Magician's Nephew (Chronicles of Narnia, #6)"
1018,Graceling (Hardcover)
1019,The Princess Bride (Paperback)
1020,"The Two Towers (The Lord of the Rings, #2)"
1021,"The Way of Kings (The Stormlight Archive, #1)"
1022,"The Name of the Wind (The Kingkiller Chronicle, #1)"
1023,"The Hunger Games (The Hunger Games, #1)"
1024,"Neverwhere (London Below, #1)"
1025,"Harry Potter and the Sorcerer's Stone (Harry Potter, #1)"
1026,"Harry Potter and the Goblet of Fire (Harry Potter, #4)"
1027,"The Wise Man's Fear (The Kingkiller Chronicle, #2)"
1028,"The Sea of Monsters (Percy Jackson and the Olympians, #2)"
1029,"The Subtle Knife (His Dark Materials, #2)"
1030,"Harry Potter and the Chamber of Secrets (Harry Potter, #2)"
1031,"The Lightning Thief (Percy Jackson and the Olympians, #1)"
1032,"Eldest (The Inheritance Cycle, #2)"
1033,"Eragon (The Inheritance Cycle, #1)"
1034,"The Eye of the World (The Wheel of Time, #1)"
1035,"The Well of Ascension (Mistborn, #2)"
1036,"A Court of Thorns and Roses (A Court of Thorns and Roses, #1)"
1037,"The Lord of the Rings (The Lord of the Rings, #1-3)"
1038,"Harry Potter and the Order of the Phoenix (Harry Potter, #5)"
1039,American Gods (Kindle Edition)
1040,"Assassin's Apprentice (Farseer Trilogy, #1)"
1041,"A Dance with Dragons (A Song of Ice and Fire, #5)"
1042,"Twilight (Twilight, #1)"
1043,"Throne of Glass (Throne of Glass, #1)"
1044,"A Clash of Kings  (A Song of Ice and Fire, #2)"
1045,"The Color of Magic (Discworld, #1; Rincewind, #1)"
1046,"Harry Potter and the Half-Blood Prince (Harry Potter, #6)"
1047,"A Feast for Crows (A Song of Ice and Fire, #4)"
1048,"The Fellowship of the Ring (The Lord of the Rings, #1)"
1049,"The Return of the King (The Lord of the Rings, #3)"
1050,The Hobbit or There and Back Again (Paperback)
1051,The Ocean at the End of the Lane (Hardcover)
1052,"The Lion, the Witch and the Wardrobe (Chronicles of Narnia, #1)"
1053,"Harry Potter and the Deathly Hallows (Harry Potter, #7)"
1054,"A Darker Shade of Magic (Shades of Magic, #1)"
1055,The Night Circus (Hardcover)
1056,"A Game of Thrones (A Song of Ice and Fire, #1)"
1057,"A Storm of Swords (A Song of Ice and Fire, #3)"
1058,"The Final Empire (Mistborn, #1)"
1059,"Good Omens: The Nice and Accurate Prophecies of Agnes Nutter, Witch (Mass Market Paperback)"
1060,"The Lies of Locke Lamora (Gentleman Bastard, #1)"
1061,"A Wizard of Earthsea (Earthsea Cycle, #1)"
1062,The Silmarillion (Middle-Earth Universe)
1063,"Harry Potter and the Prisoner of Azkaban (Harry Potter, #3)"
1064,"The Golden Compass (His Dark Materials, #1)"
1065,"City of Bones (The Mortal Instruments, #1)"
1066,"Harry Potter and the Cursed Child: Parts One and Two (Harry Potter, #8)"
1067,"The Magician's Nephew (Chronicles of Narnia, #6)"
1068,Graceling (Hardcover)
1069,The Princess Bride (Paperback)
1070,"The Two Towers (The Lord of the Rings, #2)"
1071,"The Way of Kings (The Stormlight Archive, #1)"
1072,"The Name of the Wind (The Kingkiller Chronicle, #1)"
1073,"The Hunger Games (The Hunger Games, #1)"
1074,"Neverwhere (London Below, #1)"
1075,"Harry Potter and the Sorcerer's Stone (Harry Potter, #1)"
1076,"Harry Potter and the Goblet of Fire (Harry Potter, #4)"
1077,"The Wise Man's Fear (The Kingkiller Chronicle, #2)"
1078,"The Sea of Monsters (Percy Jackson and the Olympians, #2)"
1079,"The Subtle Knife (His Dark Materials, #2)"
1080,"Harry Potter and the Chamber of Secrets (Harry Potter, #2)"
1081,"The Lightning Thief (Percy Jackson and the Olympians, #1)"
1082,"Eldest (The Inheritance Cycle, #2)"
1083,"Eragon (The Inheritance Cycle, #1)"
1084,"The Eye of the World (The Wheel of Time, #1)"
1085,"The Well of Ascension (Mistborn, #2)"
1086,"A Court of Thorns and Roses (A Court of Thorns and Roses, #1)"
1087,"The Lord of the Rings (The Lord of the Rings, #1-3)"
1088,"Harry Potter and the Order of the Phoenix (Harry Potter, #5)"
1089,American Gods (Kindle Edition)
1090,"Assassin's Apprentice (Farseer Trilogy, #1)"
1091,"A Dance with Dragons (A Song of Ice and Fire, #5)"
1092,"Twilight (Twilight, #1)"
1093,"Throne of Glass (Throne of Glass, #1)"
1094,"A Clash of Kings  (A Song of Ice and Fire, #2)"
1095,"The Color of Magic (Discworld, #1; Rincewind, #1)"
1096,"Harry Potter and the Half-Blood Prince (Harry Potter, #6)"
1097,"A Feast for Crows (A Song of Ice and Fire, #4)"
1098,"The Fellowship of the Ring (The Lord of the Rings, #1)"
1099,"The Return of the King (The Lord of the Rings, #3)"
1100,The Hobbit or There and Back Again (Paperback)
1101,The Ocean at the End of the Lane (Hardcover)
1102,"The Lion, the Witch and the Wardrobe (Chronicles of Narnia, #1)"
1103,"Harry Potter and the Deathly Hallows (Harry Potter, #7)"
1104,"A Darker Shade of Magic (Shades of Magic, #1)"
1105,The Night Circus (Hardcover)
1106,"A Game of Thrones (A Song of Ice and Fire, #1)"
1107,"A Storm of Swords (A Song of Ice and Fire, #3)"
1108,"The Final Empire (Mistborn, #1)"
1109,"Good Omens: The Nice and Accurate Prophecies of Agnes Nutter, Witch (Mass Market Paperback)"
1110,"The Lies of Locke Lamora (Gentleman Bastard, #1)"
1111,"A Wizard of Earthsea (Earthsea Cycle, #1)"
1112,The Silmarillion (Middle-Earth Universe)
1113,"Harry Potter and the Prisoner of Azkaban (Harry Potter, #3)"
1114,"The Golden Compass (His Dark Materials, #1)"
1115,"City of Bones (The Mortal Instruments, #1)"
1116,"Harry Potter and the Cursed Child: Parts One and Two (Harry Potter, #8)"
1117,"The Magician's Nephew (Chronicles of Narnia, #6)"
1118,Graceling (Hardcover)
1119,The Princess Bride (Paperback)
1120,"The Two Towers (The Lord of the Rings, #2)"
1121,"The Way of Kings (The Stormlight Archive, #1)"
1122,"The Name of the Wind (The Kingkiller Chronicle, #1)"
1123,"The Hunger Games (The Hunger Games, #1)"
1124,"Neverwhere (London Below, #1)"
1125,"Harry Potter and the Sorcerer's Stone (Harry Potter, #1)"
1126,"Harry Potter and the Goblet of Fire (Harry Potter, #4)"
1127,"The Wise Man's Fear (The Kingkiller Chronicle, #2)"
1128,"The Sea of Monsters (Percy Jackson and the Olympians, #2)"
1129,"The Subtle Knife (His Dark Materials, #2)"
1130,"Harry Potter and the Chamber of Secrets (Harry Potter, #2)"
1131,"The Lightning Thief (Percy Jackson and the Olympians, #1)"
1132,"Eldest (The Inheritance Cycle, #2)"
1133,"Eragon (The Inheritance Cycle, #1)"
1134,"The Eye of the World (The Wheel of Time, #1)"
1135,"The Well of Ascension (Mistborn, #2)"
1136,"A Court of Thorns and Roses (A Court of Thorns and Roses, #1)"
1137,"The Lord of the Rings (The Lord of the Rings, #1-3)"
1138,"Harry Potter and the Order of the Phoenix (Harry Potter, #5)"
1139,American Gods (Kindle Edition)
1140,"Assassin's Apprentice (Farseer Trilogy, #1)"
1141,"A Dance with Dragons (A Song of Ice and Fire, #5)"
1142,"Twilight (Twilight, #1)"
1143,"Throne of Glass (Throne of Glass, #1)"
1144,"A Clash of Kings  (A Song of Ice and Fire, #2)"
1145,"The Color of Magic (Discworld, #1; Rincewind, #1)"
1146,"Harry Potter and the Half-Blood Prince (Harry Potter, #6)"
1147,"A Feast for Crows (A Song of Ice and Fire, #4)"
1148,"The Fellowship of the Ring (The Lord of the Rings, #1)"
1149,"The Return of the King (The Lord of the Rings, #3)"
1150,The Hobbit or There and Back Again (Paperback)
1151,The Ocean at the End of the Lane (Hardcover)
1152,"The Lion, the Witch and the Wardrobe (Chronicles of Narnia, #1)"
1153,"Harry Potter and the Deathly Hallows (Harry Potter, #7)"
1154,"A Darker Shade of Magic (Shades of Magic, #1)"
1155,The Night Circus (Hardcover)
1156,"A Game of Thrones (A Song of Ice and Fire, #1)"
1157,"A Storm of Swords (A Song of Ice and Fire, #3)"
1158,"The Final Empire (Mistborn, #1)"
1159,"Good Omens: The Nice and Accurate Prophecies of Agnes Nutter, Witch (Mass Market Paperback)"
1160,"The Lies of Locke Lamora (Gentleman Bastard, #1)"
1161,"A Wizard of Earthsea (Earthsea Cycle, #1)"
1162,The Silmarillion (Middle-Earth Universe)
1163,"Harry Potter and the Prisoner of Azkaban (Harry Potter, #3)"
1164,"The Golden Compass (His Dark Materials, #1)"
1165,"City of Bones (The Mortal Instruments, #1)"
1166,"Harry Potter and the Cursed Child: Parts One and Two (Harry Potter, #8)"
1167,"The Magician's Nephew (Chronicles of Narnia, #6)"
1168,Graceling (Hardcover)
1169,The Princess Bride (Paperback)
1170,"The Two Towers (The Lord of the Rings, #2)"
1171,"The Way of Kings (The Stormlight Archive, #1)"
1172,"The Name of the Wind (The Kingkiller Chronicle, #1)"
1173,"The Hunger Games (The Hunger Games, #1)"
1174,"Neverwhere (London Below, #1)"
1175,"Harry Potter and the Sorcerer's Stone (Harry Potter, #1)"
1176,"Harry Potter and the Goblet of Fire (Harry Potter, #4)"
1177,"The Wise Man's Fear (The Kingkiller Chronicle, #2)"
1178,"The Sea of Monsters (Percy Jackson and the Olympians, #2)"
1179,"The Subtle Knife (His Dark Materials, #2)"
1180,"Harry Potter and the Chamber of Secrets (Harry Potter, #2)"
1181,"The Lightning Thief (Percy Jackson and the Olympians, #1)"
1182,"Eldest (The Inheritance Cycle, #2)"
1183,"Eragon (The Inheritance Cycle, #1)"
1184,"The Eye of the World (The Wheel of Time, #1)"
1185,"The Well of Ascension (Mistborn, #2)"
1186,"A Court of Thorns and Roses (A Court of Thorns and Roses, #1)"
1187,"The Lord of the Rings (The Lord of the Rings, #1-3)"
1188,"Harry Potter and the Order of the Phoenix (Harry Potter, #5)"
1189,American Gods (Kindle Edition)
1190,"Assassin's Apprentice (Farseer Trilogy, #1)"
1191,"A Dance with Dragons (A Song of Ice and Fire, #5)"
1192,"Twilight (Twilight, #1)"
1193,"Throne of Glass (Throne of Glass, #1)"
1194,"A Clash of Kings  (A Song of Ice and Fire, #2)"
1195,"The Color of Magic (Discworld, #1; Rincewind, #1)"
1196,"Harry Potter and the Half-Blood Prince (Harry Potter, #6)"
1197,"A Feast for Crows (A Song of Ice and Fire, #4)"
1198,"The Fellowship of the Ring (The Lord of the Rings, #1)"
1199,"The Return of the King (The Lord of the Rings, #3)"
1200,The Hobbit or There and Back Again (Paperback)
1201,The Ocean at the End of the Lane (Hardcover)
1202,"The Lion, the Witch and the Wardrobe (Chronicles of Narnia, #1)"
1203,"Harry Potter and the Deathly Hallows (Harry Potter, #7)"
1204,"A Darker Shade of Magic (Shades of Magic, #1)"
1205,The Night Circus (Hardcover)
1206,"A Game of Thrones (A Song of Ice and Fire, #1)"
1207,"A Storm of Swords (A Song of Ice and Fire, #3)"
1208,"The Final Empire (Mistborn, #1)"
1209,"Good Omens: The Nice and Accurate Prophecies of Agnes Nutter, Witch (Mass Market Paperback)"
1210,"The Lies of Locke Lamora (Gentleman Bastard, #1)"
1211,"A Wizard of Earthsea (Earthsea Cycle, #1)"
1212,The Silmarillion (Middle-Earth Universe)
1213,"Harry Potter and the Prisoner of Azkaban (Harry Potter, #3)"
1214,"The Golden Compass (His Dark Materials, #1)"
1215,"City of Bones (The Mortal Instruments, #1)"
1216,"Harry Potter and the Cursed Child: Parts One and Two (Harry Potter, #8)"
1217,"The Magician's Nephew (Chronicles of Narnia, #6)"
1218,Graceling (Hardcover)
1219,The Princess Bride (Paperback)
1220,"The Two Towers (The Lord of the Rings, #2)"
1221,"The Way of Kings (The Stormlight Archive, #1)"
1222,"The Name of the Wind (The Kingkiller Chronicle, #1)"
1223,"The Hunger Games (The Hunger Games, #1)"
1224,"Neverwhere (London Below, #1)"
1225,"Harry Potter and the Sorcerer's Stone (Harry Potter, #1)"
1226,"Harry Potter and the Goblet of Fire (Harry Potter, #4)"
1227,"The Wise Man's Fear (The Kingkiller Chronicle, #2)"
1228,"The Sea of Monsters (Percy Jackson and the Olympians, #2)"
1229,"The Subtle Knife (His Dark Materials, #2)"
1230,"Harry Potter and the Chamber of Secrets (Harry Potter, #2)"
1231,"The Lightning Thief (Percy Jackson and the Olympians, #1)"
1232,"Eldest (The Inheritance Cycle, #2)"
1233,"Eragon (The Inheritance Cycle, #1)"
1234,"The Eye of the World (The Wheel of Time, #1)"
1235,"The Well of Ascension (Mistborn, #2)"
1236,"A Court of Thorns and Roses (A Court of Thorns and Roses, #1)"
1237,"The Lord of the Rings (The Lord of the Rings, #1-3)"
1238,"Harry Potter and the Order of the Phoenix (Harry Potter, #5)"
1239,American Gods (Kindle Edition)
1240,"Assassin's Apprentice (Farseer Trilogy, #1)"
1241,"A Dance with Dragons (A Song of Ice and Fire, #5)"
1242,"Twilight (Twilight, #1)"
1243,"Throne of Glass (Throne of Glass, #1)"
1244,"A Clash of Kings  (A Song of Ice and Fire, #2)"
1245,"The Color of Magic (Discworld, #1; Rincewind, #1)"
1246,"Harry Potter and the Half-Blood Prince (Harry Potter, #6)"
1247,"A Feast for Crows (A Song of Ice and Fire, #4)"
1248,"The Fellowship of the Ring (The Lord of the Rings, #1)"
1249,"The Return of the King (The Lord of the Rings, #3)"
